<?xml version="1.0"?>
<ruleset name="Quickscan Connector WordPress Coding Standards">
    <description>WordPress Coding Standards for Guardian360 Quickscan Connector Plugin</description>

    <!-- What to scan -->
    <file>.</file>

    <!-- Exclude third party code -->
    <exclude-pattern>/vendor/*</exclude-pattern>
    <exclude-pattern>/node_modules/*</exclude-pattern>
    <exclude-pattern>/coverage/*</exclude-pattern>
    <exclude-pattern>/tests/data/*</exclude-pattern>

    <!-- How to scan -->
    <!-- Usage instructions: https://github.com/squizlabs/PHP_CodeSniffer/wiki/Usage -->
    <!-- Annotated ruleset: https://github.com/squizlabs/PHP_CodeSniffer/wiki/Annotated-ruleset.xml -->
    <arg value="sp"/> <!-- Show sniff and progress -->
    <arg name="basepath" value="./"/> <!-- Strip the file paths down to the relevant bit -->
    <arg name="colors"/>
    <arg name="extensions" value="php"/>
    <arg name="parallel" value="8"/> <!-- Enables parallel processing when available for faster results. -->

    <!-- Rules: Check PHP version compatibility -->
    <!-- https://github.com/PHPCompatibility/PHPCompatibility#sniffing-your-code-for-compatibility-with-specific-php-versions -->
    <config name="testVersion" value="7.4-"/>
    <!-- https://github.com/PHPCompatibility/PHPCompatibilityWP -->
    <rule ref="PHPCompatibilityWP"/>

    <!-- Rules: WordPress Coding Standards -->
    <!-- https://github.com/WordPress-Coding-Standards/WordPress-Coding-Standards -->
    <!-- https://github.com/WordPress-Coding-Standards/WordPress-Coding-Standards/wiki/Customizable-sniff-properties -->
    <config name="minimum_supported_wp_version" value="5.0"/>

    <rule ref="WordPress">
        <!-- WordPress.Files.FileName causes issues with our class file naming -->
        <exclude name="WordPress.Files.FileName.InvalidClassFileName"/>
        <exclude name="WordPress.Files.FileName.NotHyphenatedLowercase"/>

        <!-- Allow short descriptions in docblocks for simple properties -->
        <exclude name="Squiz.Commenting.ClassComment.Missing"/>
        <exclude name="Squiz.Commenting.FileComment.Missing"/>

        <!-- We want to allow closures and array syntax -->
        <exclude name="WordPress.WP.AlternativeFunctions.array_walk_array_map"/>

        <!-- We have proper escaping but this can be overly strict for admin interfaces -->
        <exclude name="WordPress.Security.EscapeOutput.OutputNotEscaped"/>
    </rule>

    <rule ref="WordPress.NamingConventions.PrefixAllGlobals">
        <properties>
            <!-- Value: replace the function, class, and variable prefixes used. Separate multiple prefixes with a comma. -->
            <property name="prefixes" type="array" value="quickscan,Quickscan,Guardian360"/>
        </properties>
    </rule>

    <rule ref="WordPress.WP.I18n">
        <properties>
            <!-- Value: replace the text domain used. -->
            <property name="text_domain" type="array" value="quickscan-connector"/>
        </properties>
    </rule>

    <rule ref="WordPress.WhiteSpace.ControlStructureSpacing">
        <properties>
            <property name="blank_line_check" value="true"/>
        </properties>
    </rule>

    <!-- Rules: Security -->
    <rule ref="WordPress.Security.ValidatedSanitizedInput"/>
    <rule ref="WordPress.Security.EscapeOutput"/>
    <rule ref="WordPress.Security.NonceVerification"/>

    <!-- Allow for plugin header DocBlock format -->
    <rule ref="Squiz.Commenting.FileComment">
        <exclude-pattern>/quickscan-connector\.php</exclude-pattern>
    </rule>
</ruleset>