<?xml version="1.0"?>
<ruleset name="Quickscan Connector PHPMD Rules"
         xmlns="http://pmd.sf.net/ruleset/1.0.0"
         xmlns:xsi="http://www.w3.org/2001/XMLSchema-instance"
         xsi:schemaLocation="http://pmd.sf.net/ruleset/1.0.0 http://pmd.sf.net/ruleset_xml_schema.xsd"
         xsi:noNamespaceSchemaLocation="http://pmd.sf.net/ruleset_xml_schema.xsd">

    <description>
        PHP Mess Detector rules for Guardian360 Quickscan Connector WordPress plugin.
        Focused on WordPress-specific patterns and best practices.
    </description>

    <!-- Clean Code Rules -->
    <rule ref="rulesets/cleancode.xml">
        <!-- WordPress hooks often have boolean flags -->
        <exclude name="BooleanArgumentFlag" />
        <!-- WordPress templates sometimes have complex conditional logic -->
        <exclude name="ElseExpression" />
        <!-- WordPress admin pages can have nested conditionals -->
        <exclude name="IfStatementAssignment" />
    </rule>

    <!-- Code Size Rules -->
    <rule ref="rulesets/codesize.xml">
        <!-- WordPress admin templates can be longer -->
        <exclude name="ExcessiveMethodLength" />
        <exclude name="ExcessiveClassLength" />
    </rule>

    <!-- Override specific code size limits for WordPress context -->
    <rule ref="rulesets/codesize.xml/CyclomaticComplexity">
        <properties>
            <!-- WordPress admin logic can be more complex -->
            <property name="reportLevel" value="15" />
        </properties>
    </rule>

    <rule ref="rulesets/codesize.xml/NPathComplexity">
        <properties>
            <!-- WordPress hooks and filters can create complex paths -->
            <property name="minimum" value="300" />
        </properties>
    </rule>

    <rule ref="rulesets/codesize.xml/ExcessiveParameterList">
        <properties>
            <!-- WordPress hooks sometimes require many parameters -->
            <property name="minimum" value="8" />
        </properties>
    </rule>

    <!-- Controversial Rules -->
    <rule ref="rulesets/controversial.xml">
        <!-- WordPress uses globals extensively -->
        <exclude name="Superglobals" />
        <!-- WordPress often uses camelCase for methods -->
        <exclude name="CamelCaseMethodName" />
        <exclude name="CamelCasePropertyName" />
        <exclude name="CamelCaseVariableName" />
    </rule>

    <!-- Design Rules -->
    <rule ref="rulesets/design.xml">
        <!-- WordPress plugin structure often requires coupling -->
        <exclude name="CouplingBetweenObjects" />
        <!-- WordPress uses exit/die for security -->
        <exclude name="ExitExpression" />
        <!-- WordPress global scope is necessary -->
        <exclude name="DevelopmentCodeFragment" />
    </rule>

    <!-- Naming Rules -->
    <rule ref="rulesets/naming.xml">
        <!-- WordPress uses snake_case for function names -->
        <exclude name="ShortMethodName" />
        <exclude name="LongVariable" />
    </rule>

    <rule ref="rulesets/naming.xml/ShortVariable">
        <properties>
            <!-- WordPress commonly uses short vars like $wp, $db -->
            <property name="minimum" value="2" />
        </properties>
    </rule>

    <!-- Unused Code Rules -->
    <rule ref="rulesets/unusedcode.xml">
        <!-- WordPress plugins often have unused parameters in hook callbacks -->
        <exclude name="UnusedFormalParameter" />
        <!-- WordPress activation/deactivation methods might appear unused -->
        <exclude name="UnusedPrivateMethod" />
    </rule>

    <!-- Custom WordPress-specific exclusions -->
    <exclude-pattern>*/vendor/*</exclude-pattern>
    <exclude-pattern>*/node_modules/*</exclude-pattern>
    <exclude-pattern>*/coverage/*</exclude-pattern>
    <exclude-pattern>*/tests/data/*</exclude-pattern>

</ruleset>