<?xml version="1.0"?>
<psalm
    errorLevel="1"
    resolveFromConfigFile="true"
    xmlns:xsi="http://www.w3.org/2001/XMLSchema-instance"
    xmlns="https://getpsalm.org/schema/config"
    xsi:schemaLocation="https://getpsalm.org/schema/config vendor/vimeo/psalm/config.xsd"
    findUnusedBaselineEntry="true"
    findUnusedCode="false"
    findUnusedVariablesAndParams="true"
>
    <projectFiles>
        <directory name="includes" />
        <file name="quickscan-connector.php" />
        <directory name="templates" />
        <ignoreFiles>
            <directory name="vendor" />
            <directory name="node_modules" />
            <directory name="coverage" />
            <directory name="tests/data" />
        </ignoreFiles>
    </projectFiles>

    <plugins>
        <pluginClass class="Psalm\WordPressPlugin\Plugin" />
    </plugins>

    <issueHandlers>
        <!-- WordPress-specific allowances -->
        <UndefinedGlobalVariable>
            <errorLevel type="suppress">
                <referencedVariable name="$wpdb" />
                <referencedVariable name="$wp_filesystem" />
                <referencedVariable name="$pagenow" />
                <referencedVariable name="$typenow" />
                <referencedVariable name="$current_screen" />
            </errorLevel>
        </UndefinedGlobalVariable>

        <UndefinedFunction>
            <!-- Allow WordPress core functions -->
            <errorLevel type="suppress">
                <referencedFunction name="add_action" />
                <referencedFunction name="add_filter" />
                <referencedFunction name="remove_action" />
                <referencedFunction name="remove_filter" />
                <referencedFunction name="wp_enqueue_script" />
                <referencedFunction name="wp_enqueue_style" />
                <referencedFunction name="wp_localize_script" />
                <referencedFunction name="get_option" />
                <referencedFunction name="update_option" />
                <referencedFunction name="delete_option" />
                <referencedFunction name="get_user_meta" />
                <referencedFunction name="update_user_meta" />
                <referencedFunction name="delete_user_meta" />
                <referencedFunction name="wp_remote_get" />
                <referencedFunction name="wp_remote_post" />
                <referencedFunction name="wp_remote_retrieve_body" />
                <referencedFunction name="wp_remote_retrieve_response_code" />
                <referencedFunction name="is_wp_error" />
                <referencedFunction name="wp_die" />
                <referencedFunction name="wp_redirect" />
                <referencedFunction name="wp_safe_redirect" />
                <referencedFunction name="sanitize_text_field" />
                <referencedFunction name="sanitize_email" />
                <referencedFunction name="esc_html" />
                <referencedFunction name="esc_attr" />
                <referencedFunction name="esc_url" />
                <referencedFunction name="wp_kses_post" />
                <referencedFunction name="wp_nonce_field" />
                <referencedFunction name="wp_verify_nonce" />
                <referencedFunction name="current_user_can" />
                <referencedFunction name="get_current_user_id" />
                <referencedFunction name="is_admin" />
                <referencedFunction name="admin_url" />
                <referencedFunction name="plugin_dir_url" />
                <referencedFunction name="plugin_dir_path" />
                <referencedFunction name="plugin_basename" />
                <referencedFunction name="get_plugin_data" />
                <referencedFunction name="is_plugin_active" />
                <referencedFunction name="activate_plugin" />
                <referencedFunction name="deactivate_plugins" />
                <referencedFunction name="register_activation_hook" />
                <referencedFunction name="register_deactivation_hook" />
                <referencedFunction name="add_menu_page" />
                <referencedFunction name="add_submenu_page" />
                <referencedFunction name="get_bloginfo" />
                <referencedFunction name="__" />
                <referencedFunction name="_e" />
                <referencedFunction name="esc_html__" />
                <referencedFunction name="esc_html_e" />
                <referencedFunction name="wp_json_encode" />
                <referencedFunction name="wp_parse_args" />
            </errorLevel>
        </UndefinedFunction>

        <UndefinedConstant>
            <!-- WordPress constants -->
            <errorLevel type="suppress">
                <referencedConstant name="ABSPATH" />
                <referencedConstant name="WP_DEBUG" />
                <referencedConstant name="WP_DEBUG_LOG" />
                <referencedConstant name="WPINC" />
                <referencedConstant name="WP_CONTENT_DIR" />
                <referencedConstant name="WP_CONTENT_URL" />
                <referencedConstant name="WP_PLUGIN_DIR" />
                <referencedConstant name="WP_PLUGIN_URL" />
            </errorLevel>
        </UndefinedConstant>

        <!-- WordPress hooks don't always have return types -->
        <MissingReturnType>
            <errorLevel type="info" />
        </MissingReturnType>

        <!-- Plugin activation/deactivation methods -->
        <UnusedMethod>
            <errorLevel type="suppress">
                <referencedMethod name="*::activate" />
                <referencedMethod name="*::deactivate" />
            </errorLevel>
        </UnusedMethod>

        <!-- WordPress admin notices and output in admin context -->
        <ForbiddenCode>
            <errorLevel type="suppress">
                <file name="templates/admin-*.php" />
                <file name="templates/dashboard.php" />
                <file name="templates/settings.php" />
            </errorLevel>
        </ForbiddenCode>

        <!-- Mixed types are common in WordPress due to flexible APIs -->
        <MixedAssignment>
            <errorLevel type="info" />
        </MixedAssignment>

        <MixedArrayAccess>
            <errorLevel type="info" />
        </MixedArrayAccess>

        <MixedMethodCall>
            <errorLevel type="info" />
        </MixedMethodCall>

        <!-- WordPress often uses superglobals -->
        <Superglobal>
            <errorLevel type="suppress">
                <referencedVariable name="$_POST" />
                <referencedVariable name="$_GET" />
                <referencedVariable name="$_REQUEST" />
                <referencedVariable name="$_SERVER" />
                <referencedVariable name="$_SESSION" />
            </errorLevel>
        </Superglobal>

        <!-- WordPress plugin patterns -->
        <UnresolvableInclude>
            <errorLevel type="suppress">
                <!-- WordPress loads files dynamically -->
                <file name="includes/*.php" />
                <file name="templates/*.php" />
            </errorLevel>
        </UnresolvableInclude>
    </issueHandlers>

    <php>
        <ini name="memory_limit" value="512M" />
    </php>
</psalm>