{
  "$schema": "https://raw.githubusercontent.com/googleapis/release-please/main/schemas/config.json",
  "packages": {
    ".": {
      "extra-files": [
        {
          "type": "generic",
          "path": "quickscan-connector.php",
          "glob": true
        },
        {
          "type": "generic",
          "path": "readme.txt",
          "glob": true
        }
      ],
      "changelog-sections": [
        {"type": "feat", "section": "🚀 Features", "hidden": false},
        {"type": "fix", "section": "🐛 Bug Fixes", "hidden": false},
        {"type": "refactor", "section": "♻️ Code Refactoring", "hidden": false},
        {"type": "perf", "section": "⚡ Performance Improvements", "hidden": false},
        {"type": "docs", "section": "📚 Documentation", "hidden": true},
        {"type": "style", "section": "💄 Code Style", "hidden": true},
        {"type": "test", "section": "🧪 Tests", "hidden": true},
        {"type": "build", "section": "🏗️ Build System", "hidden": true},
        {"type": "ci", "section": "👷 Continuous Integration", "hidden": true},
        {"type": "chore", "section": "🔧 Maintenance", "hidden": true}
      ],
      "bump-minor-pre-major": true,
      "bump-patch-for-minor-pre-major": true,
      "draft": true,
      "prerelease": false
    }
  },
  "release-type": "simple",
  "draft-pull-request": true,
  "include-component-in-tag": false
}